-- phpMyAdmin SQL Dump
-- version 5.2.1
-- https://www.phpmyadmin.net/
--
-- Servidor: 127.0.0.1
-- Tiempo de generación: 08-05-2026 a las 09:22:47
-- Versión del servidor: 10.4.32-MariaDB
-- Versión de PHP: 8.2.12

SET SQL_MODE = "NO_AUTO_VALUE_ON_ZERO";
START TRANSACTION;
SET time_zone = "+00:00";


/*!40101 SET @OLD_CHARACTER_SET_CLIENT=@@CHARACTER_SET_CLIENT */;
/*!40101 SET @OLD_CHARACTER_SET_RESULTS=@@CHARACTER_SET_RESULTS */;
/*!40101 SET @OLD_COLLATION_CONNECTION=@@COLLATION_CONNECTION */;
/*!40101 SET NAMES utf8mb4 */;

--
-- Base de datos: `clinica`
--
CREATE DATABASE IF NOT EXISTS `clinica` DEFAULT CHARACTER SET utf8mb4 COLLATE utf8mb4_general_ci;
USE `clinica`;

DELIMITER $$
--
-- Procedimientos
--
CREATE DEFINER=`root`@`localhost` PROCEDURE `generar_horarios` (`meses` INT)   BEGIN
  DECLARE fecha_actual DATE DEFAULT CURDATE();
  DECLARE fecha_fin DATE DEFAULT DATE_ADD(CURDATE(), INTERVAL meses MONTH);
  DECLARE v_id INT;
  DECLARE fin TINYINT DEFAULT 0;
  DECLARE cur CURSOR FOR SELECT id_doctor FROM doctores;
  DECLARE CONTINUE HANDLER FOR NOT FOUND SET fin = 1;

  WHILE fecha_actual <= fecha_fin DO
    IF DAYOFWEEK(fecha_actual) BETWEEN 2 AND 6 THEN
      OPEN cur;
      loop_doctores: LOOP
        FETCH cur INTO v_id;
        IF fin = 1 THEN LEAVE loop_doctores; END IF;
        INSERT IGNORE INTO horarios_doctor (id_doctor, fecha, hora_inicio, hora_fin, duracion_slot)
        VALUES (v_id, fecha_actual, '09:00', '14:00', 30);
        INSERT IGNORE INTO horarios_doctor (id_doctor, fecha, hora_inicio, hora_fin, duracion_slot)
        VALUES (v_id, fecha_actual, '17:00', '20:00', 30);
      END LOOP;
      CLOSE cur;
      SET fin = 0;
    END IF;
    SET fecha_actual = DATE_ADD(fecha_actual, INTERVAL 1 DAY);
  END WHILE;
END$$

DELIMITER ;

-- --------------------------------------------------------

--
-- Estructura de tabla para la tabla `citas`
--

CREATE TABLE `citas` (
  `id_cita` int(11) NOT NULL,
  `id_paciente` int(11) DEFAULT NULL,
  `id_doctor` int(11) DEFAULT NULL,
  `fecha_hora` datetime DEFAULT NULL,
  `motivo` text DEFAULT NULL,
  `estado` enum('pendiente','confirmada','cancelada','completada') NOT NULL
) ENGINE=InnoDB DEFAULT CHARSET=latin1 COLLATE=latin1_swedish_ci;

--
-- Volcado de datos para la tabla `citas`
--

INSERT INTO `citas` (`id_cita`, `id_paciente`, `id_doctor`, `fecha_hora`, `motivo`, `estado`) VALUES
(1, 1, 2, '2025-11-01 10:00:00', 'Rehabilitación de rodilla', 'cancelada'),
(2, 3, 4, '2025-11-02 11:30:00', 'Tratamiento de espalda', 'confirmada'),
(3, 5, 6, '2025-11-03 09:15:00', 'Lesión en el hombro', 'pendiente'),
(4, 7, 8, '2025-11-04 14:00:00', 'Recuperación de codo', 'cancelada'),
(5, 9, 2, '2025-11-05 16:30:00', 'Masaje terapéutico', 'completada'),
(6, 1, 4, '2025-11-06 13:00:00', 'Terapia manual', 'cancelada'),
(7, 3, 6, '2025-11-07 10:45:00', 'Fisioterapia neurológica', 'pendiente'),
(8, 5, 8, '2025-11-08 12:30:00', 'Rehabilitación postquirúrgica', 'confirmada'),
(9, 7, 2, '2025-11-09 14:30:00', 'Ejercicios de movilidad', 'cancelada'),
(10, 1, 6, '2026-03-24 17:59:00', 'Dolor de cadera', 'pendiente'),
(11, 1, 2, '2026-03-27 18:00:00', 'Esguince tobillo', 'completada'),
(12, 1, 2, '2026-04-08 14:03:00', 'Revision', 'confirmada'),
(13, 1, 4, '2026-04-10 09:00:00', 'Prueba de rango', 'cancelada'),
(14, 1, 6, '2026-04-10 12:00:00', 'esguince', 'pendiente'),
(15, 1, 2, '2026-04-10 10:00:00', 'Prueba nueva', 'cancelada'),
(16, 1, 2, '2026-04-10 10:00:00', 'Prueba', 'completada');

-- --------------------------------------------------------

--
-- Estructura de tabla para la tabla `doctores`
--

CREATE TABLE `doctores` (
  `id_doctor` int(11) NOT NULL,
  `datosExtras` varchar(255) NOT NULL
) ENGINE=InnoDB DEFAULT CHARSET=latin1 COLLATE=latin1_swedish_ci;

--
-- Volcado de datos para la tabla `doctores`
--

INSERT INTO `doctores` (`id_doctor`, `datosExtras`) VALUES
(2, 'Fisioterapeuta deportivo · 10 años de experiencia'),
(4, 'Fisioterapeuta Neurológico · 8 años de experiencia'),
(6, 'Fisioterapeuta Pediátrico · 6 años de experiencia'),
(8, 'Fisioterapeuta Respiratorio · 5 años de experiencia');

-- --------------------------------------------------------

--
-- Estructura de tabla para la tabla `doctores_tratamientos`
--

CREATE TABLE `doctores_tratamientos` (
  `id_doctor` int(11) NOT NULL,
  `id_tratamiento` int(11) NOT NULL
) ENGINE=InnoDB DEFAULT CHARSET=latin1 COLLATE=latin1_swedish_ci;

-- --------------------------------------------------------

--
-- Estructura de tabla para la tabla `horarios_doctor`
--

CREATE TABLE `horarios_doctor` (
  `id_horario` int(11) NOT NULL,
  `id_doctor` int(11) NOT NULL,
  `fecha` date NOT NULL,
  `hora_inicio` time NOT NULL,
  `hora_fin` time NOT NULL,
  `duracion_slot` int(11) DEFAULT 30
) ENGINE=InnoDB DEFAULT CHARSET=utf8mb4 COLLATE=utf8mb4_general_ci;

--
-- Volcado de datos para la tabla `horarios_doctor`
--

INSERT INTO `horarios_doctor` (`id_horario`, `id_doctor`, `fecha`, `hora_inicio`, `hora_fin`, `duracion_slot`) VALUES
(1, 2, '2026-04-08', '09:00:00', '14:00:00', 30),
(2, 2, '2026-04-08', '17:00:00', '20:00:00', 30),
(3, 4, '2026-04-08', '09:00:00', '14:00:00', 30),
(4, 4, '2026-04-08', '17:00:00', '20:00:00', 30),
(5, 6, '2026-04-08', '09:00:00', '14:00:00', 30),
(6, 6, '2026-04-08', '17:00:00', '20:00:00', 30),
(7, 8, '2026-04-08', '09:00:00', '14:00:00', 30),
(8, 8, '2026-04-08', '17:00:00', '20:00:00', 30),
(9, 2, '2026-04-09', '09:00:00', '14:00:00', 30),
(10, 2, '2026-04-09', '17:00:00', '20:00:00', 30),
(11, 4, '2026-04-09', '09:00:00', '14:00:00', 30),
(12, 4, '2026-04-09', '17:00:00', '20:00:00', 30),
(13, 6, '2026-04-09', '09:00:00', '14:00:00', 30),
(14, 6, '2026-04-09', '17:00:00', '20:00:00', 30),
(15, 8, '2026-04-09', '09:00:00', '14:00:00', 30),
(16, 8, '2026-04-09', '17:00:00', '20:00:00', 30),
(17, 2, '2026-04-10', '09:00:00', '14:00:00', 30),
(18, 2, '2026-04-10', '17:00:00', '20:00:00', 30),
(19, 4, '2026-04-10', '09:00:00', '14:00:00', 30),
(20, 4, '2026-04-10', '17:00:00', '20:00:00', 30),
(21, 6, '2026-04-10', '09:00:00', '14:00:00', 30),
(22, 6, '2026-04-10', '17:00:00', '20:00:00', 30),
(23, 8, '2026-04-10', '09:00:00', '14:00:00', 30),
(24, 8, '2026-04-10', '17:00:00', '20:00:00', 30),
(25, 2, '2026-04-13', '09:00:00', '14:00:00', 30),
(26, 2, '2026-04-13', '17:00:00', '20:00:00', 30),
(27, 4, '2026-04-13', '09:00:00', '14:00:00', 30),
(28, 4, '2026-04-13', '17:00:00', '20:00:00', 30),
(29, 6, '2026-04-13', '09:00:00', '14:00:00', 30),
(30, 6, '2026-04-13', '17:00:00', '20:00:00', 30),
(31, 8, '2026-04-13', '09:00:00', '14:00:00', 30),
(32, 8, '2026-04-13', '17:00:00', '20:00:00', 30),
(33, 2, '2026-04-14', '09:00:00', '14:00:00', 30),
(34, 2, '2026-04-14', '17:00:00', '20:00:00', 30),
(35, 4, '2026-04-14', '09:00:00', '14:00:00', 30),
(36, 4, '2026-04-14', '17:00:00', '20:00:00', 30),
(37, 6, '2026-04-14', '09:00:00', '14:00:00', 30),
(38, 6, '2026-04-14', '17:00:00', '20:00:00', 30),
(39, 8, '2026-04-14', '09:00:00', '14:00:00', 30),
(40, 8, '2026-04-14', '17:00:00', '20:00:00', 30),
(41, 2, '2026-04-15', '09:00:00', '14:00:00', 30),
(42, 2, '2026-04-15', '17:00:00', '20:00:00', 30),
(43, 4, '2026-04-15', '09:00:00', '14:00:00', 30),
(44, 4, '2026-04-15', '17:00:00', '20:00:00', 30),
(45, 6, '2026-04-15', '09:00:00', '14:00:00', 30),
(46, 6, '2026-04-15', '17:00:00', '20:00:00', 30),
(47, 8, '2026-04-15', '09:00:00', '14:00:00', 30),
(48, 8, '2026-04-15', '17:00:00', '20:00:00', 30),
(49, 2, '2026-04-16', '09:00:00', '14:00:00', 30),
(50, 2, '2026-04-16', '17:00:00', '20:00:00', 30),
(51, 4, '2026-04-16', '09:00:00', '14:00:00', 30),
(52, 4, '2026-04-16', '17:00:00', '20:00:00', 30),
(53, 6, '2026-04-16', '09:00:00', '14:00:00', 30),
(54, 6, '2026-04-16', '17:00:00', '20:00:00', 30),
(55, 8, '2026-04-16', '09:00:00', '14:00:00', 30),
(56, 8, '2026-04-16', '17:00:00', '20:00:00', 30),
(57, 2, '2026-04-17', '09:00:00', '14:00:00', 30),
(58, 2, '2026-04-17', '17:00:00', '20:00:00', 30),
(59, 4, '2026-04-17', '09:00:00', '14:00:00', 30),
(60, 4, '2026-04-17', '17:00:00', '20:00:00', 30),
(61, 6, '2026-04-17', '09:00:00', '14:00:00', 30),
(62, 6, '2026-04-17', '17:00:00', '20:00:00', 30),
(63, 8, '2026-04-17', '09:00:00', '14:00:00', 30),
(64, 8, '2026-04-17', '17:00:00', '20:00:00', 30),
(65, 2, '2026-04-20', '09:00:00', '14:00:00', 30),
(66, 2, '2026-04-20', '17:00:00', '20:00:00', 30),
(67, 4, '2026-04-20', '09:00:00', '14:00:00', 30),
(68, 4, '2026-04-20', '17:00:00', '20:00:00', 30),
(69, 6, '2026-04-20', '09:00:00', '14:00:00', 30),
(70, 6, '2026-04-20', '17:00:00', '20:00:00', 30),
(71, 8, '2026-04-20', '09:00:00', '14:00:00', 30),
(72, 8, '2026-04-20', '17:00:00', '20:00:00', 30),
(73, 2, '2026-04-21', '09:00:00', '14:00:00', 30),
(74, 2, '2026-04-21', '17:00:00', '20:00:00', 30),
(75, 4, '2026-04-21', '09:00:00', '14:00:00', 30),
(76, 4, '2026-04-21', '17:00:00', '20:00:00', 30),
(77, 6, '2026-04-21', '09:00:00', '14:00:00', 30),
(78, 6, '2026-04-21', '17:00:00', '20:00:00', 30),
(79, 8, '2026-04-21', '09:00:00', '14:00:00', 30),
(80, 8, '2026-04-21', '17:00:00', '20:00:00', 30),
(81, 2, '2026-04-22', '09:00:00', '14:00:00', 30),
(82, 2, '2026-04-22', '17:00:00', '20:00:00', 30),
(83, 4, '2026-04-22', '09:00:00', '14:00:00', 30),
(84, 4, '2026-04-22', '17:00:00', '20:00:00', 30),
(85, 6, '2026-04-22', '09:00:00', '14:00:00', 30),
(86, 6, '2026-04-22', '17:00:00', '20:00:00', 30),
(87, 8, '2026-04-22', '09:00:00', '14:00:00', 30),
(88, 8, '2026-04-22', '17:00:00', '20:00:00', 30),
(89, 2, '2026-04-23', '09:00:00', '14:00:00', 30),
(90, 2, '2026-04-23', '17:00:00', '20:00:00', 30),
(91, 4, '2026-04-23', '09:00:00', '14:00:00', 30),
(92, 4, '2026-04-23', '17:00:00', '20:00:00', 30),
(93, 6, '2026-04-23', '09:00:00', '14:00:00', 30),
(94, 6, '2026-04-23', '17:00:00', '20:00:00', 30),
(95, 8, '2026-04-23', '09:00:00', '14:00:00', 30),
(96, 8, '2026-04-23', '17:00:00', '20:00:00', 30),
(97, 2, '2026-04-24', '09:00:00', '14:00:00', 30),
(98, 2, '2026-04-24', '17:00:00', '20:00:00', 30),
(99, 4, '2026-04-24', '09:00:00', '14:00:00', 30),
(100, 4, '2026-04-24', '17:00:00', '20:00:00', 30),
(101, 6, '2026-04-24', '09:00:00', '14:00:00', 30),
(102, 6, '2026-04-24', '17:00:00', '20:00:00', 30),
(103, 8, '2026-04-24', '09:00:00', '14:00:00', 30),
(104, 8, '2026-04-24', '17:00:00', '20:00:00', 30),
(105, 2, '2026-04-27', '09:00:00', '14:00:00', 30),
(106, 2, '2026-04-27', '17:00:00', '20:00:00', 30),
(107, 4, '2026-04-27', '09:00:00', '14:00:00', 30),
(108, 4, '2026-04-27', '17:00:00', '20:00:00', 30),
(109, 6, '2026-04-27', '09:00:00', '14:00:00', 30),
(110, 6, '2026-04-27', '17:00:00', '20:00:00', 30),
(111, 8, '2026-04-27', '09:00:00', '14:00:00', 30),
(112, 8, '2026-04-27', '17:00:00', '20:00:00', 30),
(113, 2, '2026-04-28', '09:00:00', '14:00:00', 30),
(114, 2, '2026-04-28', '17:00:00', '20:00:00', 30),
(115, 4, '2026-04-28', '09:00:00', '14:00:00', 30),
(116, 4, '2026-04-28', '17:00:00', '20:00:00', 30),
(117, 6, '2026-04-28', '09:00:00', '14:00:00', 30),
(118, 6, '2026-04-28', '17:00:00', '20:00:00', 30),
(119, 8, '2026-04-28', '09:00:00', '14:00:00', 30),
(120, 8, '2026-04-28', '17:00:00', '20:00:00', 30),
(121, 2, '2026-04-29', '09:00:00', '14:00:00', 30),
(122, 2, '2026-04-29', '17:00:00', '20:00:00', 30),
(123, 4, '2026-04-29', '09:00:00', '14:00:00', 30),
(124, 4, '2026-04-29', '17:00:00', '20:00:00', 30),
(125, 6, '2026-04-29', '09:00:00', '14:00:00', 30),
(126, 6, '2026-04-29', '17:00:00', '20:00:00', 30),
(127, 8, '2026-04-29', '09:00:00', '14:00:00', 30),
(128, 8, '2026-04-29', '17:00:00', '20:00:00', 30),
(129, 2, '2026-04-30', '09:00:00', '14:00:00', 30),
(130, 2, '2026-04-30', '17:00:00', '20:00:00', 30),
(131, 4, '2026-04-30', '09:00:00', '14:00:00', 30),
(132, 4, '2026-04-30', '17:00:00', '20:00:00', 30),
(133, 6, '2026-04-30', '09:00:00', '14:00:00', 30),
(134, 6, '2026-04-30', '17:00:00', '20:00:00', 30),
(135, 8, '2026-04-30', '09:00:00', '14:00:00', 30),
(136, 8, '2026-04-30', '17:00:00', '20:00:00', 30),
(137, 2, '2026-05-01', '09:00:00', '14:00:00', 30),
(138, 2, '2026-05-01', '17:00:00', '20:00:00', 30),
(139, 4, '2026-05-01', '09:00:00', '14:00:00', 30),
(140, 4, '2026-05-01', '17:00:00', '20:00:00', 30),
(141, 6, '2026-05-01', '09:00:00', '14:00:00', 30),
(142, 6, '2026-05-01', '17:00:00', '20:00:00', 30),
(143, 8, '2026-05-01', '09:00:00', '14:00:00', 30),
(144, 8, '2026-05-01', '17:00:00', '20:00:00', 30),
(145, 2, '2026-05-04', '09:00:00', '14:00:00', 30),
(146, 2, '2026-05-04', '17:00:00', '20:00:00', 30),
(147, 4, '2026-05-04', '09:00:00', '14:00:00', 30),
(148, 4, '2026-05-04', '17:00:00', '20:00:00', 30),
(149, 6, '2026-05-04', '09:00:00', '14:00:00', 30),
(150, 6, '2026-05-04', '17:00:00', '20:00:00', 30),
(151, 8, '2026-05-04', '09:00:00', '14:00:00', 30),
(152, 8, '2026-05-04', '17:00:00', '20:00:00', 30),
(153, 2, '2026-05-05', '09:00:00', '14:00:00', 30),
(154, 2, '2026-05-05', '17:00:00', '20:00:00', 30),
(155, 4, '2026-05-05', '09:00:00', '14:00:00', 30),
(156, 4, '2026-05-05', '17:00:00', '20:00:00', 30),
(157, 6, '2026-05-05', '09:00:00', '14:00:00', 30),
(158, 6, '2026-05-05', '17:00:00', '20:00:00', 30),
(159, 8, '2026-05-05', '09:00:00', '14:00:00', 30),
(160, 8, '2026-05-05', '17:00:00', '20:00:00', 30),
(161, 2, '2026-05-06', '09:00:00', '14:00:00', 30),
(162, 2, '2026-05-06', '17:00:00', '20:00:00', 30),
(163, 4, '2026-05-06', '09:00:00', '14:00:00', 30),
(164, 4, '2026-05-06', '17:00:00', '20:00:00', 30),
(165, 6, '2026-05-06', '09:00:00', '14:00:00', 30),
(166, 6, '2026-05-06', '17:00:00', '20:00:00', 30),
(167, 8, '2026-05-06', '09:00:00', '14:00:00', 30),
(168, 8, '2026-05-06', '17:00:00', '20:00:00', 30),
(169, 2, '2026-05-07', '09:00:00', '14:00:00', 30),
(170, 2, '2026-05-07', '17:00:00', '20:00:00', 30),
(171, 4, '2026-05-07', '09:00:00', '14:00:00', 30),
(172, 4, '2026-05-07', '17:00:00', '20:00:00', 30),
(173, 6, '2026-05-07', '09:00:00', '14:00:00', 30),
(174, 6, '2026-05-07', '17:00:00', '20:00:00', 30),
(175, 8, '2026-05-07', '09:00:00', '14:00:00', 30),
(176, 8, '2026-05-07', '17:00:00', '20:00:00', 30),
(177, 2, '2026-05-08', '09:00:00', '14:00:00', 30),
(178, 2, '2026-05-08', '17:00:00', '20:00:00', 30),
(179, 4, '2026-05-08', '09:00:00', '14:00:00', 30),
(180, 4, '2026-05-08', '17:00:00', '20:00:00', 30),
(181, 6, '2026-05-08', '09:00:00', '14:00:00', 30),
(182, 6, '2026-05-08', '17:00:00', '20:00:00', 30),
(183, 8, '2026-05-08', '09:00:00', '14:00:00', 30),
(184, 8, '2026-05-08', '17:00:00', '20:00:00', 30),
(185, 2, '2026-05-11', '09:00:00', '14:00:00', 30),
(186, 2, '2026-05-11', '17:00:00', '20:00:00', 30),
(187, 4, '2026-05-11', '09:00:00', '14:00:00', 30),
(188, 4, '2026-05-11', '17:00:00', '20:00:00', 30),
(189, 6, '2026-05-11', '09:00:00', '14:00:00', 30),
(190, 6, '2026-05-11', '17:00:00', '20:00:00', 30),
(191, 8, '2026-05-11', '09:00:00', '14:00:00', 30),
(192, 8, '2026-05-11', '17:00:00', '20:00:00', 30),
(193, 2, '2026-05-12', '09:00:00', '14:00:00', 30),
(194, 2, '2026-05-12', '17:00:00', '20:00:00', 30),
(195, 4, '2026-05-12', '09:00:00', '14:00:00', 30),
(196, 4, '2026-05-12', '17:00:00', '20:00:00', 30),
(197, 6, '2026-05-12', '09:00:00', '14:00:00', 30),
(198, 6, '2026-05-12', '17:00:00', '20:00:00', 30),
(199, 8, '2026-05-12', '09:00:00', '14:00:00', 30),
(200, 8, '2026-05-12', '17:00:00', '20:00:00', 30),
(201, 2, '2026-05-13', '09:00:00', '14:00:00', 30),
(202, 2, '2026-05-13', '17:00:00', '20:00:00', 30),
(203, 4, '2026-05-13', '09:00:00', '14:00:00', 30),
(204, 4, '2026-05-13', '17:00:00', '20:00:00', 30),
(205, 6, '2026-05-13', '09:00:00', '14:00:00', 30),
(206, 6, '2026-05-13', '17:00:00', '20:00:00', 30),
(207, 8, '2026-05-13', '09:00:00', '14:00:00', 30),
(208, 8, '2026-05-13', '17:00:00', '20:00:00', 30),
(209, 2, '2026-05-14', '09:00:00', '14:00:00', 30),
(210, 2, '2026-05-14', '17:00:00', '20:00:00', 30),
(211, 4, '2026-05-14', '09:00:00', '14:00:00', 30),
(212, 4, '2026-05-14', '17:00:00', '20:00:00', 30),
(213, 6, '2026-05-14', '09:00:00', '14:00:00', 30),
(214, 6, '2026-05-14', '17:00:00', '20:00:00', 30),
(215, 8, '2026-05-14', '09:00:00', '14:00:00', 30),
(216, 8, '2026-05-14', '17:00:00', '20:00:00', 30),
(217, 2, '2026-05-15', '09:00:00', '14:00:00', 30),
(218, 2, '2026-05-15', '17:00:00', '20:00:00', 30),
(219, 4, '2026-05-15', '09:00:00', '14:00:00', 30),
(220, 4, '2026-05-15', '17:00:00', '20:00:00', 30),
(221, 6, '2026-05-15', '09:00:00', '14:00:00', 30),
(222, 6, '2026-05-15', '17:00:00', '20:00:00', 30),
(223, 8, '2026-05-15', '09:00:00', '14:00:00', 30),
(224, 8, '2026-05-15', '17:00:00', '20:00:00', 30),
(225, 2, '2026-05-18', '09:00:00', '14:00:00', 30),
(226, 2, '2026-05-18', '17:00:00', '20:00:00', 30),
(227, 4, '2026-05-18', '09:00:00', '14:00:00', 30),
(228, 4, '2026-05-18', '17:00:00', '20:00:00', 30),
(229, 6, '2026-05-18', '09:00:00', '14:00:00', 30),
(230, 6, '2026-05-18', '17:00:00', '20:00:00', 30),
(231, 8, '2026-05-18', '09:00:00', '14:00:00', 30),
(232, 8, '2026-05-18', '17:00:00', '20:00:00', 30),
(233, 2, '2026-05-19', '09:00:00', '14:00:00', 30),
(234, 2, '2026-05-19', '17:00:00', '20:00:00', 30),
(235, 4, '2026-05-19', '09:00:00', '14:00:00', 30),
(236, 4, '2026-05-19', '17:00:00', '20:00:00', 30),
(237, 6, '2026-05-19', '09:00:00', '14:00:00', 30),
(238, 6, '2026-05-19', '17:00:00', '20:00:00', 30),
(239, 8, '2026-05-19', '09:00:00', '14:00:00', 30),
(240, 8, '2026-05-19', '17:00:00', '20:00:00', 30),
(241, 2, '2026-05-20', '09:00:00', '14:00:00', 30),
(242, 2, '2026-05-20', '17:00:00', '20:00:00', 30),
(243, 4, '2026-05-20', '09:00:00', '14:00:00', 30),
(244, 4, '2026-05-20', '17:00:00', '20:00:00', 30),
(245, 6, '2026-05-20', '09:00:00', '14:00:00', 30),
(246, 6, '2026-05-20', '17:00:00', '20:00:00', 30),
(247, 8, '2026-05-20', '09:00:00', '14:00:00', 30),
(248, 8, '2026-05-20', '17:00:00', '20:00:00', 30),
(249, 2, '2026-05-21', '09:00:00', '14:00:00', 30),
(250, 2, '2026-05-21', '17:00:00', '20:00:00', 30),
(251, 4, '2026-05-21', '09:00:00', '14:00:00', 30),
(252, 4, '2026-05-21', '17:00:00', '20:00:00', 30),
(253, 6, '2026-05-21', '09:00:00', '14:00:00', 30),
(254, 6, '2026-05-21', '17:00:00', '20:00:00', 30),
(255, 8, '2026-05-21', '09:00:00', '14:00:00', 30),
(256, 8, '2026-05-21', '17:00:00', '20:00:00', 30),
(257, 2, '2026-05-22', '09:00:00', '14:00:00', 30),
(258, 2, '2026-05-22', '17:00:00', '20:00:00', 30),
(259, 4, '2026-05-22', '09:00:00', '14:00:00', 30),
(260, 4, '2026-05-22', '17:00:00', '20:00:00', 30),
(261, 6, '2026-05-22', '09:00:00', '14:00:00', 30),
(262, 6, '2026-05-22', '17:00:00', '20:00:00', 30),
(263, 8, '2026-05-22', '09:00:00', '14:00:00', 30),
(264, 8, '2026-05-22', '17:00:00', '20:00:00', 30),
(265, 2, '2026-05-25', '09:00:00', '14:00:00', 30),
(266, 2, '2026-05-25', '17:00:00', '20:00:00', 30),
(267, 4, '2026-05-25', '09:00:00', '14:00:00', 30),
(268, 4, '2026-05-25', '17:00:00', '20:00:00', 30),
(269, 6, '2026-05-25', '09:00:00', '14:00:00', 30),
(270, 6, '2026-05-25', '17:00:00', '20:00:00', 30),
(271, 8, '2026-05-25', '09:00:00', '14:00:00', 30),
(272, 8, '2026-05-25', '17:00:00', '20:00:00', 30),
(273, 2, '2026-05-26', '09:00:00', '14:00:00', 30),
(274, 2, '2026-05-26', '17:00:00', '20:00:00', 30),
(275, 4, '2026-05-26', '09:00:00', '14:00:00', 30),
(276, 4, '2026-05-26', '17:00:00', '20:00:00', 30),
(277, 6, '2026-05-26', '09:00:00', '14:00:00', 30),
(278, 6, '2026-05-26', '17:00:00', '20:00:00', 30),
(279, 8, '2026-05-26', '09:00:00', '14:00:00', 30),
(280, 8, '2026-05-26', '17:00:00', '20:00:00', 30),
(281, 2, '2026-05-27', '09:00:00', '14:00:00', 30),
(282, 2, '2026-05-27', '17:00:00', '20:00:00', 30),
(283, 4, '2026-05-27', '09:00:00', '14:00:00', 30),
(284, 4, '2026-05-27', '17:00:00', '20:00:00', 30),
(285, 6, '2026-05-27', '09:00:00', '14:00:00', 30),
(286, 6, '2026-05-27', '17:00:00', '20:00:00', 30),
(287, 8, '2026-05-27', '09:00:00', '14:00:00', 30),
(288, 8, '2026-05-27', '17:00:00', '20:00:00', 30),
(289, 2, '2026-05-28', '09:00:00', '14:00:00', 30),
(290, 2, '2026-05-28', '17:00:00', '20:00:00', 30),
(291, 4, '2026-05-28', '09:00:00', '14:00:00', 30),
(292, 4, '2026-05-28', '17:00:00', '20:00:00', 30),
(293, 6, '2026-05-28', '09:00:00', '14:00:00', 30),
(294, 6, '2026-05-28', '17:00:00', '20:00:00', 30),
(295, 8, '2026-05-28', '09:00:00', '14:00:00', 30),
(296, 8, '2026-05-28', '17:00:00', '20:00:00', 30),
(297, 2, '2026-05-29', '09:00:00', '14:00:00', 30),
(298, 2, '2026-05-29', '17:00:00', '20:00:00', 30),
(299, 4, '2026-05-29', '09:00:00', '14:00:00', 30),
(300, 4, '2026-05-29', '17:00:00', '20:00:00', 30),
(301, 6, '2026-05-29', '09:00:00', '14:00:00', 30),
(302, 6, '2026-05-29', '17:00:00', '20:00:00', 30),
(303, 8, '2026-05-29', '09:00:00', '14:00:00', 30),
(304, 8, '2026-05-29', '17:00:00', '20:00:00', 30),
(305, 2, '2026-06-01', '09:00:00', '14:00:00', 30),
(306, 2, '2026-06-01', '17:00:00', '20:00:00', 30),
(307, 4, '2026-06-01', '09:00:00', '14:00:00', 30),
(308, 4, '2026-06-01', '17:00:00', '20:00:00', 30),
(309, 6, '2026-06-01', '09:00:00', '14:00:00', 30),
(310, 6, '2026-06-01', '17:00:00', '20:00:00', 30),
(311, 8, '2026-06-01', '09:00:00', '14:00:00', 30),
(312, 8, '2026-06-01', '17:00:00', '20:00:00', 30),
(313, 2, '2026-06-02', '09:00:00', '14:00:00', 30),
(314, 2, '2026-06-02', '17:00:00', '20:00:00', 30),
(315, 4, '2026-06-02', '09:00:00', '14:00:00', 30),
(316, 4, '2026-06-02', '17:00:00', '20:00:00', 30),
(317, 6, '2026-06-02', '09:00:00', '14:00:00', 30),
(318, 6, '2026-06-02', '17:00:00', '20:00:00', 30),
(319, 8, '2026-06-02', '09:00:00', '14:00:00', 30),
(320, 8, '2026-06-02', '17:00:00', '20:00:00', 30),
(321, 2, '2026-06-03', '09:00:00', '14:00:00', 30),
(322, 2, '2026-06-03', '17:00:00', '20:00:00', 30),
(323, 4, '2026-06-03', '09:00:00', '14:00:00', 30),
(324, 4, '2026-06-03', '17:00:00', '20:00:00', 30),
(325, 6, '2026-06-03', '09:00:00', '14:00:00', 30),
(326, 6, '2026-06-03', '17:00:00', '20:00:00', 30),
(327, 8, '2026-06-03', '09:00:00', '14:00:00', 30),
(328, 8, '2026-06-03', '17:00:00', '20:00:00', 30),
(329, 2, '2026-06-04', '09:00:00', '14:00:00', 30),
(330, 2, '2026-06-04', '17:00:00', '20:00:00', 30),
(331, 4, '2026-06-04', '09:00:00', '14:00:00', 30),
(332, 4, '2026-06-04', '17:00:00', '20:00:00', 30),
(333, 6, '2026-06-04', '09:00:00', '14:00:00', 30),
(334, 6, '2026-06-04', '17:00:00', '20:00:00', 30),
(335, 8, '2026-06-04', '09:00:00', '14:00:00', 30),
(336, 8, '2026-06-04', '17:00:00', '20:00:00', 30),
(337, 2, '2026-06-05', '09:00:00', '14:00:00', 30),
(338, 2, '2026-06-05', '17:00:00', '20:00:00', 30),
(339, 4, '2026-06-05', '09:00:00', '14:00:00', 30),
(340, 4, '2026-06-05', '17:00:00', '20:00:00', 30),
(341, 6, '2026-06-05', '09:00:00', '14:00:00', 30),
(342, 6, '2026-06-05', '17:00:00', '20:00:00', 30),
(343, 8, '2026-06-05', '09:00:00', '14:00:00', 30),
(344, 8, '2026-06-05', '17:00:00', '20:00:00', 30),
(345, 2, '2026-06-08', '09:00:00', '14:00:00', 30),
(346, 2, '2026-06-08', '17:00:00', '20:00:00', 30),
(347, 4, '2026-06-08', '09:00:00', '14:00:00', 30),
(348, 4, '2026-06-08', '17:00:00', '20:00:00', 30),
(349, 6, '2026-06-08', '09:00:00', '14:00:00', 30),
(350, 6, '2026-06-08', '17:00:00', '20:00:00', 30),
(351, 8, '2026-06-08', '09:00:00', '14:00:00', 30),
(352, 8, '2026-06-08', '17:00:00', '20:00:00', 30),
(353, 2, '2026-06-09', '09:00:00', '14:00:00', 30),
(354, 2, '2026-06-09', '17:00:00', '20:00:00', 30),
(355, 4, '2026-06-09', '09:00:00', '14:00:00', 30),
(356, 4, '2026-06-09', '17:00:00', '20:00:00', 30),
(357, 6, '2026-06-09', '09:00:00', '14:00:00', 30),
(358, 6, '2026-06-09', '17:00:00', '20:00:00', 30),
(359, 8, '2026-06-09', '09:00:00', '14:00:00', 30),
(360, 8, '2026-06-09', '17:00:00', '20:00:00', 30),
(361, 2, '2026-06-10', '09:00:00', '14:00:00', 30),
(362, 2, '2026-06-10', '17:00:00', '20:00:00', 30),
(363, 4, '2026-06-10', '09:00:00', '14:00:00', 30),
(364, 4, '2026-06-10', '17:00:00', '20:00:00', 30),
(365, 6, '2026-06-10', '09:00:00', '14:00:00', 30),
(366, 6, '2026-06-10', '17:00:00', '20:00:00', 30),
(367, 8, '2026-06-10', '09:00:00', '14:00:00', 30),
(368, 8, '2026-06-10', '17:00:00', '20:00:00', 30),
(369, 2, '2026-06-11', '09:00:00', '14:00:00', 30),
(370, 2, '2026-06-11', '17:00:00', '20:00:00', 30),
(371, 4, '2026-06-11', '09:00:00', '14:00:00', 30),
(372, 4, '2026-06-11', '17:00:00', '20:00:00', 30),
(373, 6, '2026-06-11', '09:00:00', '14:00:00', 30),
(374, 6, '2026-06-11', '17:00:00', '20:00:00', 30),
(375, 8, '2026-06-11', '09:00:00', '14:00:00', 30),
(376, 8, '2026-06-11', '17:00:00', '20:00:00', 30),
(377, 2, '2026-06-12', '09:00:00', '14:00:00', 30),
(378, 2, '2026-06-12', '17:00:00', '20:00:00', 30),
(379, 4, '2026-06-12', '09:00:00', '14:00:00', 30),
(380, 4, '2026-06-12', '17:00:00', '20:00:00', 30),
(381, 6, '2026-06-12', '09:00:00', '14:00:00', 30),
(382, 6, '2026-06-12', '17:00:00', '20:00:00', 30),
(383, 8, '2026-06-12', '09:00:00', '14:00:00', 30),
(384, 8, '2026-06-12', '17:00:00', '20:00:00', 30),
(385, 2, '2026-06-15', '09:00:00', '14:00:00', 30),
(386, 2, '2026-06-15', '17:00:00', '20:00:00', 30),
(387, 4, '2026-06-15', '09:00:00', '14:00:00', 30),
(388, 4, '2026-06-15', '17:00:00', '20:00:00', 30),
(389, 6, '2026-06-15', '09:00:00', '14:00:00', 30),
(390, 6, '2026-06-15', '17:00:00', '20:00:00', 30),
(391, 8, '2026-06-15', '09:00:00', '14:00:00', 30),
(392, 8, '2026-06-15', '17:00:00', '20:00:00', 30),
(393, 2, '2026-06-16', '09:00:00', '14:00:00', 30),
(394, 2, '2026-06-16', '17:00:00', '20:00:00', 30),
(395, 4, '2026-06-16', '09:00:00', '14:00:00', 30),
(396, 4, '2026-06-16', '17:00:00', '20:00:00', 30),
(397, 6, '2026-06-16', '09:00:00', '14:00:00', 30),
(398, 6, '2026-06-16', '17:00:00', '20:00:00', 30),
(399, 8, '2026-06-16', '09:00:00', '14:00:00', 30),
(400, 8, '2026-06-16', '17:00:00', '20:00:00', 30),
(401, 2, '2026-06-17', '09:00:00', '14:00:00', 30),
(402, 2, '2026-06-17', '17:00:00', '20:00:00', 30),
(403, 4, '2026-06-17', '09:00:00', '14:00:00', 30),
(404, 4, '2026-06-17', '17:00:00', '20:00:00', 30),
(405, 6, '2026-06-17', '09:00:00', '14:00:00', 30),
(406, 6, '2026-06-17', '17:00:00', '20:00:00', 30),
(407, 8, '2026-06-17', '09:00:00', '14:00:00', 30),
(408, 8, '2026-06-17', '17:00:00', '20:00:00', 30),
(409, 2, '2026-06-18', '09:00:00', '14:00:00', 30),
(410, 2, '2026-06-18', '17:00:00', '20:00:00', 30),
(411, 4, '2026-06-18', '09:00:00', '14:00:00', 30),
(412, 4, '2026-06-18', '17:00:00', '20:00:00', 30),
(413, 6, '2026-06-18', '09:00:00', '14:00:00', 30),
(414, 6, '2026-06-18', '17:00:00', '20:00:00', 30),
(415, 8, '2026-06-18', '09:00:00', '14:00:00', 30),
(416, 8, '2026-06-18', '17:00:00', '20:00:00', 30),
(417, 2, '2026-06-19', '09:00:00', '14:00:00', 30),
(418, 2, '2026-06-19', '17:00:00', '20:00:00', 30),
(419, 4, '2026-06-19', '09:00:00', '14:00:00', 30),
(420, 4, '2026-06-19', '17:00:00', '20:00:00', 30),
(421, 6, '2026-06-19', '09:00:00', '14:00:00', 30),
(422, 6, '2026-06-19', '17:00:00', '20:00:00', 30),
(423, 8, '2026-06-19', '09:00:00', '14:00:00', 30),
(424, 8, '2026-06-19', '17:00:00', '20:00:00', 30),
(425, 2, '2026-06-22', '09:00:00', '14:00:00', 30),
(426, 2, '2026-06-22', '17:00:00', '20:00:00', 30),
(427, 4, '2026-06-22', '09:00:00', '14:00:00', 30),
(428, 4, '2026-06-22', '17:00:00', '20:00:00', 30),
(429, 6, '2026-06-22', '09:00:00', '14:00:00', 30),
(430, 6, '2026-06-22', '17:00:00', '20:00:00', 30),
(431, 8, '2026-06-22', '09:00:00', '14:00:00', 30),
(432, 8, '2026-06-22', '17:00:00', '20:00:00', 30),
(433, 2, '2026-06-23', '09:00:00', '14:00:00', 30),
(434, 2, '2026-06-23', '17:00:00', '20:00:00', 30),
(435, 4, '2026-06-23', '09:00:00', '14:00:00', 30),
(436, 4, '2026-06-23', '17:00:00', '20:00:00', 30),
(437, 6, '2026-06-23', '09:00:00', '14:00:00', 30),
(438, 6, '2026-06-23', '17:00:00', '20:00:00', 30),
(439, 8, '2026-06-23', '09:00:00', '14:00:00', 30),
(440, 8, '2026-06-23', '17:00:00', '20:00:00', 30),
(441, 2, '2026-06-24', '09:00:00', '14:00:00', 30),
(442, 2, '2026-06-24', '17:00:00', '20:00:00', 30),
(443, 4, '2026-06-24', '09:00:00', '14:00:00', 30),
(444, 4, '2026-06-24', '17:00:00', '20:00:00', 30),
(445, 6, '2026-06-24', '09:00:00', '14:00:00', 30),
(446, 6, '2026-06-24', '17:00:00', '20:00:00', 30),
(447, 8, '2026-06-24', '09:00:00', '14:00:00', 30),
(448, 8, '2026-06-24', '17:00:00', '20:00:00', 30),
(449, 2, '2026-06-25', '09:00:00', '14:00:00', 30),
(450, 2, '2026-06-25', '17:00:00', '20:00:00', 30),
(451, 4, '2026-06-25', '09:00:00', '14:00:00', 30),
(452, 4, '2026-06-25', '17:00:00', '20:00:00', 30),
(453, 6, '2026-06-25', '09:00:00', '14:00:00', 30),
(454, 6, '2026-06-25', '17:00:00', '20:00:00', 30),
(455, 8, '2026-06-25', '09:00:00', '14:00:00', 30),
(456, 8, '2026-06-25', '17:00:00', '20:00:00', 30),
(457, 2, '2026-06-26', '09:00:00', '14:00:00', 30),
(458, 2, '2026-06-26', '17:00:00', '20:00:00', 30),
(459, 4, '2026-06-26', '09:00:00', '14:00:00', 30),
(460, 4, '2026-06-26', '17:00:00', '20:00:00', 30),
(461, 6, '2026-06-26', '09:00:00', '14:00:00', 30),
(462, 6, '2026-06-26', '17:00:00', '20:00:00', 30),
(463, 8, '2026-06-26', '09:00:00', '14:00:00', 30),
(464, 8, '2026-06-26', '17:00:00', '20:00:00', 30),
(465, 2, '2026-06-29', '09:00:00', '14:00:00', 30),
(466, 2, '2026-06-29', '17:00:00', '20:00:00', 30),
(467, 4, '2026-06-29', '09:00:00', '14:00:00', 30),
(468, 4, '2026-06-29', '17:00:00', '20:00:00', 30),
(469, 6, '2026-06-29', '09:00:00', '14:00:00', 30),
(470, 6, '2026-06-29', '17:00:00', '20:00:00', 30),
(471, 8, '2026-06-29', '09:00:00', '14:00:00', 30),
(472, 8, '2026-06-29', '17:00:00', '20:00:00', 30),
(473, 2, '2026-06-30', '09:00:00', '14:00:00', 30),
(474, 2, '2026-06-30', '17:00:00', '20:00:00', 30),
(475, 4, '2026-06-30', '09:00:00', '14:00:00', 30),
(476, 4, '2026-06-30', '17:00:00', '20:00:00', 30),
(477, 6, '2026-06-30', '09:00:00', '14:00:00', 30),
(478, 6, '2026-06-30', '17:00:00', '20:00:00', 30),
(479, 8, '2026-06-30', '09:00:00', '14:00:00', 30),
(480, 8, '2026-06-30', '17:00:00', '20:00:00', 30),
(481, 2, '2026-07-01', '09:00:00', '14:00:00', 30),
(482, 2, '2026-07-01', '17:00:00', '20:00:00', 30),
(483, 4, '2026-07-01', '09:00:00', '14:00:00', 30),
(484, 4, '2026-07-01', '17:00:00', '20:00:00', 30),
(485, 6, '2026-07-01', '09:00:00', '14:00:00', 30),
(486, 6, '2026-07-01', '17:00:00', '20:00:00', 30),
(487, 8, '2026-07-01', '09:00:00', '14:00:00', 30),
(488, 8, '2026-07-01', '17:00:00', '20:00:00', 30),
(489, 2, '2026-07-02', '09:00:00', '14:00:00', 30),
(490, 2, '2026-07-02', '17:00:00', '20:00:00', 30),
(491, 4, '2026-07-02', '09:00:00', '14:00:00', 30),
(492, 4, '2026-07-02', '17:00:00', '20:00:00', 30),
(493, 6, '2026-07-02', '09:00:00', '14:00:00', 30),
(494, 6, '2026-07-02', '17:00:00', '20:00:00', 30),
(495, 8, '2026-07-02', '09:00:00', '14:00:00', 30),
(496, 8, '2026-07-02', '17:00:00', '20:00:00', 30),
(497, 2, '2026-07-03', '09:00:00', '14:00:00', 30),
(498, 2, '2026-07-03', '17:00:00', '20:00:00', 30),
(499, 4, '2026-07-03', '09:00:00', '14:00:00', 30),
(500, 4, '2026-07-03', '17:00:00', '20:00:00', 30),
(501, 6, '2026-07-03', '09:00:00', '14:00:00', 30),
(502, 6, '2026-07-03', '17:00:00', '20:00:00', 30),
(503, 8, '2026-07-03', '09:00:00', '14:00:00', 30),
(504, 8, '2026-07-03', '17:00:00', '20:00:00', 30),
(505, 2, '2026-07-06', '09:00:00', '14:00:00', 30),
(506, 2, '2026-07-06', '17:00:00', '20:00:00', 30),
(507, 4, '2026-07-06', '09:00:00', '14:00:00', 30),
(508, 4, '2026-07-06', '17:00:00', '20:00:00', 30),
(509, 6, '2026-07-06', '09:00:00', '14:00:00', 30),
(510, 6, '2026-07-06', '17:00:00', '20:00:00', 30),
(511, 8, '2026-07-06', '09:00:00', '14:00:00', 30),
(512, 8, '2026-07-06', '17:00:00', '20:00:00', 30),
(513, 2, '2026-07-07', '09:00:00', '14:00:00', 30),
(514, 2, '2026-07-07', '17:00:00', '20:00:00', 30),
(515, 4, '2026-07-07', '09:00:00', '14:00:00', 30),
(516, 4, '2026-07-07', '17:00:00', '20:00:00', 30),
(517, 6, '2026-07-07', '09:00:00', '14:00:00', 30),
(518, 6, '2026-07-07', '17:00:00', '20:00:00', 30),
(519, 8, '2026-07-07', '09:00:00', '14:00:00', 30),
(520, 8, '2026-07-07', '17:00:00', '20:00:00', 30),
(521, 2, '2026-07-08', '09:00:00', '14:00:00', 30),
(522, 2, '2026-07-08', '17:00:00', '20:00:00', 30),
(523, 4, '2026-07-08', '09:00:00', '14:00:00', 30),
(524, 4, '2026-07-08', '17:00:00', '20:00:00', 30),
(525, 6, '2026-07-08', '09:00:00', '14:00:00', 30),
(526, 6, '2026-07-08', '17:00:00', '20:00:00', 30),
(527, 8, '2026-07-08', '09:00:00', '14:00:00', 30),
(528, 8, '2026-07-08', '17:00:00', '20:00:00', 30);

-- --------------------------------------------------------

--
-- Estructura de tabla para la tabla `maquinaria`
--

CREATE TABLE `maquinaria` (
  `id_maquinaria` int(11) NOT NULL,
  `nombre` varchar(100) DEFAULT NULL,
  `tipo` varchar(50) DEFAULT NULL,
  `descripcion` text DEFAULT NULL,
  `estado` enum('disponible','en uso','mantenimiento') NOT NULL,
  `fecha_adquisicion` date DEFAULT NULL
) ENGINE=InnoDB DEFAULT CHARSET=latin1 COLLATE=latin1_swedish_ci;

--
-- Volcado de datos para la tabla `maquinaria`
--

INSERT INTO `maquinaria` (`id_maquinaria`, `nombre`, `tipo`, `descripcion`, `estado`, `fecha_adquisicion`) VALUES
(1, 'Máquina de Electroterapia', 'Electroterapia', 'Máquina para tratamientos de electroestimulación muscular', 'disponible', '2023-05-01'),
(2, 'Cinta de correr para rehabilitación', 'Rehabilitación', 'Cinta de correr para ejercicios de rehabilitación de piernas', 'en uso', '2022-10-15'),
(3, 'Unidad de ultrasonido terapéutico', 'Rehabilitación', 'Máquina de ultrasonido para terapia muscular', 'disponible', '2023-02-20'),
(4, 'Banca para ejercicios de estiramiento', 'Rehabilitación', 'Banca ajustable para realizar estiramientos y ejercicios', 'en uso', '2021-08-05'),
(5, 'Sistema de terapia de calor', 'Terapia', 'Máquina para aplicar calor terapéutico en músculos', 'disponible', '2023-04-10');

-- --------------------------------------------------------

--
-- Estructura de tabla para la tabla `maquinaria_tratamientos`
--

CREATE TABLE `maquinaria_tratamientos` (
  `id_maquinaria` int(11) NOT NULL,
  `id_tratamiento` int(11) NOT NULL
) ENGINE=InnoDB DEFAULT CHARSET=latin1 COLLATE=latin1_swedish_ci;

--
-- Volcado de datos para la tabla `maquinaria_tratamientos`
--

INSERT INTO `maquinaria_tratamientos` (`id_maquinaria`, `id_tratamiento`) VALUES
(1, 4),
(2, 9),
(3, 6),
(4, 10),
(5, 5);

-- --------------------------------------------------------

--
-- Estructura de tabla para la tabla `pacientes`
--

CREATE TABLE `pacientes` (
  `id_paciente` int(11) NOT NULL
) ENGINE=InnoDB DEFAULT CHARSET=latin1 COLLATE=latin1_swedish_ci;

--
-- Volcado de datos para la tabla `pacientes`
--

INSERT INTO `pacientes` (`id_paciente`) VALUES
(1),
(3),
(5),
(7),
(9),
(10),
(11),
(12),
(13),
(14),
(15);

-- --------------------------------------------------------

--
-- Estructura de tabla para la tabla `pacientes_tratamientos`
--

CREATE TABLE `pacientes_tratamientos` (
  `id_paciente` int(11) NOT NULL,
  `id_tratamiento` int(11) NOT NULL,
  `fecha_inicio` date DEFAULT NULL,
  `fecha_fin` date DEFAULT NULL,
  `pago` enum('pendiente','pagado') DEFAULT 'pendiente',
  `metodo_pago` varchar(50) DEFAULT NULL,
  `fecha_pago` datetime DEFAULT NULL
) ENGINE=InnoDB DEFAULT CHARSET=latin1 COLLATE=latin1_swedish_ci;

--
-- Volcado de datos para la tabla `pacientes_tratamientos`
--

INSERT INTO `pacientes_tratamientos` (`id_paciente`, `id_tratamiento`, `fecha_inicio`, `fecha_fin`, `pago`, `metodo_pago`, `fecha_pago`) VALUES
(1, 1, '2025-11-01', '2025-11-30', 'pagado', 'Transferencia bancaria', '2026-04-12 12:31:31'),
(3, 2, '2025-11-02', '2025-11-16', 'pendiente', NULL, NULL),
(5, 3, '2025-11-03', '2025-11-24', 'pendiente', NULL, NULL),
(7, 2, '2026-03-31', '2026-04-04', 'pendiente', NULL, NULL),
(7, 3, '2026-05-18', '2026-05-18', 'pendiente', NULL, NULL),
(7, 4, '2025-11-04', '2025-12-04', 'pendiente', NULL, NULL),
(7, 10, '2026-03-22', '2026-03-29', 'pendiente', NULL, NULL),
(9, 5, '2025-11-05', '2025-11-19', 'pendiente', NULL, NULL),
(10, 6, '2025-11-06', '2025-11-27', 'pendiente', NULL, NULL),
(11, 7, '2025-11-07', '2025-11-20', 'pendiente', NULL, NULL),
(12, 8, '2025-11-08', '2025-12-08', 'pendiente', NULL, NULL),
(13, 9, '2025-11-09', '2025-11-23', 'pendiente', NULL, NULL),
(14, 10, '2025-11-10', '2025-11-30', 'pendiente', NULL, NULL);

-- --------------------------------------------------------

--
-- Estructura de tabla para la tabla `persona`
--

CREATE TABLE `persona` (
  `id_persona` int(11) NOT NULL,
  `nombre` varchar(100) DEFAULT NULL,
  `apellidos` varchar(100) DEFAULT NULL,
  `direccion` varchar(255) DEFAULT NULL,
  `telefono` varchar(20) DEFAULT NULL,
  `dni` varchar(20) DEFAULT NULL,
  `email` varchar(100) DEFAULT NULL,
  `password` varchar(255) DEFAULT NULL,
  `fecha_nac` date DEFAULT NULL,
  `rol` enum('paciente','doctor','admin') NOT NULL,
  `Foto` varchar(255) DEFAULT NULL
) ENGINE=InnoDB DEFAULT CHARSET=latin1 COLLATE=latin1_swedish_ci;

--
-- Volcado de datos para la tabla `persona`
--

INSERT INTO `persona` (`id_persona`, `nombre`, `apellidos`, `direccion`, `telefono`, `dni`, `email`, `password`, `fecha_nac`, `rol`, `Foto`) VALUES
(1, 'Juan Luis', 'Pérez', 'Calle Fisioterapia 1234', '123456789', '12345678B', 'juan.perez@email.com', 'password123', '1990-05-15', 'paciente', NULL),
(2, 'Juan', 'García', 'Avenida Terapia 456', '987654328', '87654326B', 'juan.garcia@email.com', 'password456', '1985-02-20', 'doctor', 'img/Doctores/juangarcia.jpg'),
(3, 'Luis', 'Martínez', 'Calle Recuperación 789', '654321987', '65432198C', 'luis.martinez@email.com', 'password789', '1992-07-10', 'paciente', ''),
(4, 'Maria', 'Rodríguez', 'Calle Rehabilitación 101', '321654987', '12345679D', 'maria.rodriguez@email.com', 'password000', '1987-11-30', 'doctor', 'img/Doctores/mariarodriguez.jpg'),
(5, 'Carlos', 'López', 'Calle Muscular 202', '765432198', '76543219E', 'carlos.lopez@email.com', 'password234', '1995-09-25', 'paciente', ''),
(6, 'Marta', 'Sánchez', 'Calle Movilidad 303', '543216789', '54321678F', 'laura.sanchez@email.com', 'password567', '1993-03-05', 'doctor', 'img/Doctores/laurasanchez.jpg'),
(7, 'Pedro', 'Jiménez', 'Avenida Terapias 404', '432109876', '43210987G', 'pedro.jimenez@email.com', 'password890', '1988-06-17', 'paciente', ''),
(8, 'Alberto', 'Fernández', 'Calle Rehabilitación 505', '321098765', '32109876H', 'sofia.fernandez@email.com', 'password1234', '1994-01-12', 'doctor', 'img/Doctores/albertofernandez.jpg'),
(9, 'Carlos', 'Mendoza', 'Calle Ficticia 123', '999888777', '12345678J', 'carlos.mendoza@email.com', 'password789', '1980-05-15', 'paciente', ''),
(10, 'Miguel', 'Vázquez', 'Avenida Europa 808', '456789012', '45678901K', 'miguel.vazquez@email.com', 'password3456', '1986-11-29', 'paciente', ''),
(11, 'Raúl', 'Díaz Fernandez', 'Calle del Río 1010', '678901234', '67890123M', 'raul.diaz14@email.com', 'password8765', '1989-06-21', 'paciente', ''),
(12, 'Victor', 'Hernández', 'Calle del Centro 1212', '890123456', '89012345O', 'victor.hernandez@email.com', 'password8764', '1990-10-16', 'paciente', ''),
(13, 'Raúl', 'Sánchez', 'Calle del Árbol 1414', '123098456', '12309847Q', 'raul.sanchez@email.com', 'password8763', '1992-05-11', 'paciente', ''),
(14, 'Antonio', 'García', 'Calle del Lago 1616', '345678234', '34567823S', 'antonio.garcia@email.com', 'password6543', '1991-02-13', 'paciente', ''),
(15, 'Pepito', 'Grillo', '', '600111222', '78945678F', 'pepitogrillo@gmail.com', '123456', '2000-02-01', 'paciente', NULL),
(1000, 'jesus', 'palo', '', NULL, NULL, 'jpr@gmail.com', 'admin94', NULL, 'admin', 'img/Admin/usuario_1000.jpg');

-- --------------------------------------------------------

--
-- Estructura de tabla para la tabla `proclinicos_tratamientos`
--

CREATE TABLE `proclinicos_tratamientos` (
  `id_tratamiento` int(11) NOT NULL,
  `id_producto` int(11) NOT NULL
) ENGINE=InnoDB DEFAULT CHARSET=latin1 COLLATE=latin1_swedish_ci;

--
-- Volcado de datos para la tabla `proclinicos_tratamientos`
--

INSERT INTO `proclinicos_tratamientos` (`id_tratamiento`, `id_producto`) VALUES
(1, 1),
(2, 2),
(3, 3),
(4, 4),
(5, 5);

-- --------------------------------------------------------

--
-- Estructura de tabla para la tabla `productos_clinicos`
--

CREATE TABLE `productos_clinicos` (
  `id_producto` int(11) NOT NULL,
  `nombre` varchar(100) DEFAULT NULL,
  `stock` int(11) DEFAULT NULL,
  `descripcion` text DEFAULT NULL,
  `proveedor` varchar(100) DEFAULT NULL,
  `fecha_compra` date DEFAULT NULL
) ENGINE=InnoDB DEFAULT CHARSET=latin1 COLLATE=latin1_swedish_ci;

--
-- Volcado de datos para la tabla `productos_clinicos`
--

INSERT INTO `productos_clinicos` (`id_producto`, `nombre`, `stock`, `descripcion`, `proveedor`, `fecha_compra`) VALUES
(1, 'Gel para Masaje', 100, 'Gel terapéutico para masajes musculares', 'Proveedor A', '2023-03-10'),
(2, 'Crema Anti-inflamatoria', 150, 'Crema para aliviar inflamaciones y dolores musculares', 'Proveedor B', '2023-06-15'),
(3, 'Tobillera elástica', 50, 'Soporte elástico para tobillos', 'Proveedor C', '2023-07-20'),
(4, 'Rodillo para masajes', 80, 'Rodillo de goma para masajes musculares', 'Proveedor A', '2023-04-22'),
(5, 'Termo de frío para lesiones', 60, 'Termo para aplicación de frío en lesiones', 'Proveedor D', '2023-01-30');

-- --------------------------------------------------------

--
-- Estructura de tabla para la tabla `tratamientos`
--

CREATE TABLE `tratamientos` (
  `id_tratamiento` int(11) NOT NULL,
  `nombre_tratamiento` varchar(100) DEFAULT NULL,
  `duracion` int(11) DEFAULT NULL,
  `precio` decimal(10,2) DEFAULT NULL,
  `descripcion` text DEFAULT NULL,
  `foto` varchar(255) NOT NULL,
  `des_completa` text NOT NULL
) ENGINE=InnoDB DEFAULT CHARSET=latin1 COLLATE=latin1_swedish_ci;

--
-- Volcado de datos para la tabla `tratamientos`
--

INSERT INTO `tratamientos` (`id_tratamiento`, `nombre_tratamiento`, `duracion`, `precio`, `descripcion`, `foto`, `des_completa`) VALUES
(1, 'Fisioterapia de Rehabilitación', 60, 50.00, 'Tratamiento de rehabilitación física para lesiones musculares', 'img/Tratamientos/rehabilitacion.jpeg', 'En ZAFISIO ofrecemos un tratamiento integral de fisioterapia de rehabilitación enfocado en la recuperación completa de lesiones musculares, articulares y traumatológicas. Nuestro equipo diseña un plan personalizado combinando ejercicio terapéutico, técnicas manuales y tecnología avanzada para acelerar la recuperación.\r\nTrabajamos no solo para aliviar el dolor, sino para devolver al paciente su funcionalidad y calidad de vida en el menor tiempo posible. Ideal tanto para lesiones deportivas como para dolencias derivadas del día a día.'),
(2, 'Masoterapia', 45, 40.00, 'Tratamiento de masajes terapéuticos para la relajación muscular', 'img/Tratamientos/masoterapia.jpeg', 'La masoterapia en ZAFISIO está diseñada para proporcionar un equilibrio perfecto entre relajación y tratamiento terapéutico. A través de diferentes técnicas de masaje, ayudamos a liberar tensiones acumuladas, mejorar la circulación y reducir el estrés.\r\nEs una opción ideal tanto para quienes buscan bienestar general como para pacientes con contracturas o sobrecargas musculares. Disfruta de una experiencia relajante mientras tu cuerpo se recupera y revitaliza.'),
(3, 'Rehabilitación Postquirúrgica', 90, 120.00, 'Recuperación de movilidad tras una intervención quirúrgica', 'img/Tratamientos/postquirurgica.jpeg', 'En ZAFISIO te acompañamos en todo el proceso de recuperación tras una cirugía. Nuestro programa de rehabilitación postquirúrgica está cuidadosamente estructurado para restaurar la movilidad, reducir la inflamación y prevenir complicaciones.\r\nCon un seguimiento cercano y profesional, ayudamos a que vuelvas a tu rutina diaria de forma segura, progresiva y eficaz, optimizando cada fase de la recuperación.'),
(4, 'Electroterapia', 30, 35.00, 'Tratamiento con estimulación eléctrica para aliviar el dolor muscular', 'img/Tratamientos/electroterapia.jpeg', 'La electroterapia en ZAFISIO utiliza tecnología avanzada para estimular los tejidos, aliviar el dolor y acelerar los procesos de curación. Aplicamos corrientes de baja intensidad adaptadas a cada paciente, garantizando un tratamiento seguro y eficaz.\r\nEs especialmente recomendable en lesiones musculares, procesos inflamatorios y dolores crónicos, siendo un complemento perfecto dentro de un plan de rehabilitación completo.'),
(5, 'Terapia Manual', 60, 55.00, 'Técnicas manuales para el tratamiento de trastornos musculoesqueléticos', 'img/Tratamientos/terapiaManual.jpeg', 'Nuestra terapia manual en ZAFISIO se basa en técnicas especializadas aplicadas directamente por fisioterapeutas expertos. Mediante movilizaciones, manipulaciones y estiramientos asistidos, tratamos el origen del dolor y mejoramos la movilidad.\r\nEste tratamiento es altamente efectivo para contracturas, bloqueos articulares y problemas posturales, ofreciendo resultados notables desde las primeras sesiones.'),
(6, 'Terapia de Calor', 30, 25.00, 'Aplicación de calor para aliviar dolores musculares', 'img/Tratamientos/calor.jpeg', 'La terapia de calor en ZAFISIO es ideal para aliviar molestias musculares y reducir la rigidez. Aplicamos calor de forma controlada para mejorar la circulación y relajar los tejidos afectados.\r\nEs un tratamiento muy eficaz en dolores crónicos, sobrecargas y contracturas, proporcionando una sensación inmediata de bienestar y facilitando la recuperación.'),
(7, 'Terapia de Frío', 30, 25.00, 'Aplicación de frío para reducir inflamaciones y dolores agudos', 'img/Tratamientos/frio.png', 'En ZAFISIO utilizamos la terapia de frío como una herramienta clave para tratar lesiones recientes. Su aplicación ayuda a reducir la inflamación, aliviar el dolor y limitar el daño en los tejidos.\r\nEs especialmente útil en esguinces, golpes y procesos inflamatorios agudos, siendo un tratamiento rápido, efectivo y seguro en las primeras fases de recuperación.'),
(8, 'Rehabilitación Neurológica', 60, 75.00, 'Tratamiento para mejorar la movilidad en pacientes con afecciones neurológicas', 'img/Tratamientos/neurologica.png', 'La rehabilitación neurológica en ZAFISIO está orientada a mejorar la calidad de vida de pacientes con patologías del sistema nervioso. Diseñamos programas personalizados que trabajan la movilidad, la coordinación y la autonomía.\r\nNuestro enfoque cercano y profesional permite avanzar de forma progresiva, ayudando a recuperar funciones y ganar independencia en las actividades diarias.'),
(9, 'Terapia de Estiramientos', 45, 40.00, 'Sesión de estiramientos para mejorar la flexibilidad muscular', 'img/Tratamientos/estiramientos.png', 'En ZAFISIO ofrecemos sesiones guiadas de estiramientos enfocadas en mejorar la flexibilidad, prevenir lesiones y aliviar tensiones musculares.\r\nEste tratamiento ayuda a mantener un equilibrio muscular adecuado, favoreciendo una mejor movilidad y rendimiento físico. Es ideal tanto para deportistas como para personas con rigidez o molestias derivadas de la vida diaria.'),
(10, 'Terapia en Agua', 60, 80.00, 'Rehabilitación y ejercicios en agua para mejorar la movilidad sin impacto', 'img/Tratamientos/agua.png', 'La terapia en agua de ZAFISIO combina ejercicio y rehabilitación en un entorno seguro y de bajo impacto. Gracias a las propiedades del agua, facilitamos el movimiento, reducimos el dolor y mejoramos la fuerza y la coordinación.\r\nEs especialmente recomendable para personas con movilidad reducida, dolor articular o en procesos de recuperación, ofreciendo una experiencia terapéutica eficaz y agradable.');

--
-- Índices para tablas volcadas
--

--
-- Indices de la tabla `citas`
--
ALTER TABLE `citas`
  ADD PRIMARY KEY (`id_cita`),
  ADD KEY `id_paciente` (`id_paciente`),
  ADD KEY `id_doctor` (`id_doctor`);

--
-- Indices de la tabla `doctores`
--
ALTER TABLE `doctores`
  ADD PRIMARY KEY (`id_doctor`);

--
-- Indices de la tabla `doctores_tratamientos`
--
ALTER TABLE `doctores_tratamientos`
  ADD PRIMARY KEY (`id_doctor`,`id_tratamiento`),
  ADD KEY `id_tratamiento` (`id_tratamiento`);

--
-- Indices de la tabla `horarios_doctor`
--
ALTER TABLE `horarios_doctor`
  ADD PRIMARY KEY (`id_horario`),
  ADD KEY `id_doctor` (`id_doctor`);

--
-- Indices de la tabla `maquinaria`
--
ALTER TABLE `maquinaria`
  ADD PRIMARY KEY (`id_maquinaria`);

--
-- Indices de la tabla `maquinaria_tratamientos`
--
ALTER TABLE `maquinaria_tratamientos`
  ADD PRIMARY KEY (`id_maquinaria`,`id_tratamiento`),
  ADD KEY `id_tratamiento` (`id_tratamiento`);

--
-- Indices de la tabla `pacientes`
--
ALTER TABLE `pacientes`
  ADD PRIMARY KEY (`id_paciente`);

--
-- Indices de la tabla `pacientes_tratamientos`
--
ALTER TABLE `pacientes_tratamientos`
  ADD PRIMARY KEY (`id_paciente`,`id_tratamiento`),
  ADD KEY `id_tratamiento` (`id_tratamiento`);

--
-- Indices de la tabla `persona`
--
ALTER TABLE `persona`
  ADD PRIMARY KEY (`id_persona`),
  ADD UNIQUE KEY `dni` (`dni`);

--
-- Indices de la tabla `proclinicos_tratamientos`
--
ALTER TABLE `proclinicos_tratamientos`
  ADD PRIMARY KEY (`id_tratamiento`,`id_producto`),
  ADD KEY `id_producto` (`id_producto`);

--
-- Indices de la tabla `productos_clinicos`
--
ALTER TABLE `productos_clinicos`
  ADD PRIMARY KEY (`id_producto`);

--
-- Indices de la tabla `tratamientos`
--
ALTER TABLE `tratamientos`
  ADD PRIMARY KEY (`id_tratamiento`);

--
-- AUTO_INCREMENT de las tablas volcadas
--

--
-- AUTO_INCREMENT de la tabla `citas`
--
ALTER TABLE `citas`
  MODIFY `id_cita` int(11) NOT NULL AUTO_INCREMENT, AUTO_INCREMENT=17;

--
-- AUTO_INCREMENT de la tabla `horarios_doctor`
--
ALTER TABLE `horarios_doctor`
  MODIFY `id_horario` int(11) NOT NULL AUTO_INCREMENT, AUTO_INCREMENT=529;

--
-- AUTO_INCREMENT de la tabla `maquinaria`
--
ALTER TABLE `maquinaria`
  MODIFY `id_maquinaria` int(11) NOT NULL AUTO_INCREMENT, AUTO_INCREMENT=6;

--
-- AUTO_INCREMENT de la tabla `persona`
--
ALTER TABLE `persona`
  MODIFY `id_persona` int(11) NOT NULL AUTO_INCREMENT, AUTO_INCREMENT=1002;

--
-- AUTO_INCREMENT de la tabla `productos_clinicos`
--
ALTER TABLE `productos_clinicos`
  MODIFY `id_producto` int(11) NOT NULL AUTO_INCREMENT, AUTO_INCREMENT=7;

--
-- AUTO_INCREMENT de la tabla `tratamientos`
--
ALTER TABLE `tratamientos`
  MODIFY `id_tratamiento` int(11) NOT NULL AUTO_INCREMENT, AUTO_INCREMENT=12;

--
-- Restricciones para tablas volcadas
--

--
-- Filtros para la tabla `citas`
--
ALTER TABLE `citas`
  ADD CONSTRAINT `citas_ibfk_1` FOREIGN KEY (`id_paciente`) REFERENCES `pacientes` (`id_paciente`) ON DELETE CASCADE,
  ADD CONSTRAINT `citas_ibfk_2` FOREIGN KEY (`id_doctor`) REFERENCES `doctores` (`id_doctor`) ON DELETE CASCADE;

--
-- Filtros para la tabla `doctores`
--
ALTER TABLE `doctores`
  ADD CONSTRAINT `doctores_ibfk_1` FOREIGN KEY (`id_doctor`) REFERENCES `persona` (`id_persona`) ON DELETE CASCADE;

--
-- Filtros para la tabla `doctores_tratamientos`
--
ALTER TABLE `doctores_tratamientos`
  ADD CONSTRAINT `doctores_tratamientos_ibfk_1` FOREIGN KEY (`id_doctor`) REFERENCES `doctores` (`id_doctor`) ON DELETE CASCADE,
  ADD CONSTRAINT `doctores_tratamientos_ibfk_2` FOREIGN KEY (`id_tratamiento`) REFERENCES `tratamientos` (`id_tratamiento`) ON DELETE CASCADE;

--
-- Filtros para la tabla `horarios_doctor`
--
ALTER TABLE `horarios_doctor`
  ADD CONSTRAINT `horarios_doctor_ibfk_1` FOREIGN KEY (`id_doctor`) REFERENCES `doctores` (`id_doctor`);

--
-- Filtros para la tabla `maquinaria_tratamientos`
--
ALTER TABLE `maquinaria_tratamientos`
  ADD CONSTRAINT `maquinaria_tratamientos_ibfk_1` FOREIGN KEY (`id_maquinaria`) REFERENCES `maquinaria` (`id_maquinaria`) ON DELETE CASCADE,
  ADD CONSTRAINT `maquinaria_tratamientos_ibfk_2` FOREIGN KEY (`id_tratamiento`) REFERENCES `tratamientos` (`id_tratamiento`) ON DELETE CASCADE;

--
-- Filtros para la tabla `pacientes`
--
ALTER TABLE `pacientes`
  ADD CONSTRAINT `pacientes_ibfk_1` FOREIGN KEY (`id_paciente`) REFERENCES `persona` (`id_persona`) ON DELETE CASCADE;

--
-- Filtros para la tabla `pacientes_tratamientos`
--
ALTER TABLE `pacientes_tratamientos`
  ADD CONSTRAINT `pacientes_tratamientos_ibfk_1` FOREIGN KEY (`id_paciente`) REFERENCES `pacientes` (`id_paciente`) ON DELETE CASCADE,
  ADD CONSTRAINT `pacientes_tratamientos_ibfk_2` FOREIGN KEY (`id_tratamiento`) REFERENCES `tratamientos` (`id_tratamiento`) ON DELETE CASCADE;

--
-- Filtros para la tabla `proclinicos_tratamientos`
--
ALTER TABLE `proclinicos_tratamientos`
  ADD CONSTRAINT `proclinicos_tratamientos_ibfk_1` FOREIGN KEY (`id_tratamiento`) REFERENCES `tratamientos` (`id_tratamiento`) ON DELETE CASCADE,
  ADD CONSTRAINT `proclinicos_tratamientos_ibfk_2` FOREIGN KEY (`id_producto`) REFERENCES `productos_clinicos` (`id_producto`) ON DELETE CASCADE;
COMMIT;

/*!40101 SET CHARACTER_SET_CLIENT=@OLD_CHARACTER_SET_CLIENT */;
/*!40101 SET CHARACTER_SET_RESULTS=@OLD_CHARACTER_SET_RESULTS */;
/*!40101 SET COLLATION_CONNECTION=@OLD_COLLATION_CONNECTION */;
